s, f, up_prob, s_prob, f_prob
0, 0, 0.18138, 0.41375, 0.40488
1, 0, 0.14000, 0.59500, 0.26500
2, 0, 0.08050, 0.80500, 0.11450
0, 1, 0.14250, 0.27500, 0.58250
1, 1, 0.11500, 0.45000, 0.43500
2, 1, 0.07000, 0.70000, 0.23000
0, 2, 0.08750, 0.12500, 0.78750
1, 2, 0.07500, 0.25000, 0.67500
2, 2, 0.05000, 0.50000, 0.45000