s, f, up_prob, s_prob, f_prob
0, 0, 0.19751, 0.48127, 0.32122
1, 0, 0.14938, 0.65439, 0.19623
2, 0, 0.08394, 0.83942, 0.07664
0, 1, 0.15797, 0.32703, 0.51500
1, 1, 0.12527, 0.50715, 0.36759
2, 1, 0.07455, 0.74550, 0.17995
0, 2, 0.09453, 0.14470, 0.76076
1, 2, 0.08006, 0.27563, 0.64431
2, 2, 0.05250, 0.52500, 0.42250