s, f, up_prob, s_prob, f_prob
0, 0, 0.00838, 0.05066, 0.94096
1, 0, 0.00775, 0.16260, 0.82965
2, 0, 0.00572, 0.45750, 0.53678
0, 1, 0.00576, 0.02480, 0.96944
1, 1, 0.00545, 0.09600, 0.89855
2, 1, 0.00425, 0.34000, 0.65575
0, 2, 0.00310, 0.00800, 0.98890
1, 2, 0.00300, 0.04000, 0.95700
2, 2, 0.00250, 0.20000, 0.79750