s, f, up_prob, s_prob, f_prob
0, 0, 0.31349, 0.63369, 0.05282
1, 0, 0.22523, 0.74725, 0.02753
2, 0, 0.12114, 0.86975, 0.00911
0, 1, 0.28899, 0.54880, 0.16221
1, 1, 0.21255, 0.68600, 0.10145
2, 1, 0.11700, 0.84000, 0.04300
0, 2, 0.21353, 0.34300, 0.44348
1, 2, 0.16575, 0.49000, 0.34425
2, 2, 0.09750, 0.70000, 0.20250